{"cameraMode":{"drawMode":0,"name":"Shaded","section":"Shading Mode"},"sceneLighting":true,"audioPlay":false,"sceneViewState":{"m_AlwaysRefresh":false,"showFog":true,"showSkybox":true,"showFlares":true,"showImageEffects":true,"showParticleSystems":true,"showVisualEffectGraphs":true,"m_FxEnabled":true},"in2DMode":false,"pivot":{"x":0.33632969856262209,"y":1.6780496835708619,"z":-0.31635719537734988},"rotation":{"x":-0.08758556097745896,"y":-0.06897792220115662,"z":0.006128466222435236,"w":-0.9937787055969238},"size":0.7166958451271057,"orthographic":false}