{"cameraMode":{"drawMode":0,"name":"Shaded","section":"Shading Mode"},"sceneLighting":true,"audioPlay":false,"sceneViewState":{"m_AlwaysRefresh":false,"showFog":true,"showSkybox":true,"showFlares":true,"showImageEffects":true,"showParticleSystems":true,"showVisualEffectGraphs":true,"m_FxEnabled":true},"in2DMode":false,"pivot":{"x":0.3671295940876007,"y":1.630160927772522,"z":-1.4666334390640259},"rotation":{"x":0.005583617370575666,"y":-0.9941492676734924,"z":-0.0636027529835701,"w":-0.08730396628379822},"size":2.061314344406128,"orthographic":false}