{"cameraMode":{"drawMode":0,"name":"Shaded","section":"Shading Mode"},"sceneLighting":false,"audioPlay":false,"sceneViewState":{"m_AlwaysRefresh":false,"showFog":false,"showSkybox":false,"showFlares":false,"showImageEffects":false,"showParticleSystems":false,"showVisualEffectGraphs":true,"m_FxEnabled":true},"in2DMode":false,"pivot":{"x":-0.3360380530357361,"y":1.424094557762146,"z":-0.05252563953399658},"rotation":{"x":-0.006361674051731825,"y":0.9934056997299194,"z":-0.09206121414899826,"w":-0.06835170090198517},"size":1.104699969291687,"orthographic":false}